"table_name","ordinal_position","column_name","data_type","is_nullable","column_default","constraint_type","foreign_table_name","foreign_column_name"
"assembleia_auditoria",1,"id","uuid","NO","gen_random_uuid()","PK","assembleia_auditoria","id"
"assembleia_auditoria",2,"assembleia_id","uuid","NO",NULL,"FK","assembleias","id"
"assembleia_auditoria",3,"user_id","uuid","YES",NULL,"FK","users","id"
"assembleia_auditoria",4,"evento","character varying","NO",NULL,"",NULL,NULL
"assembleia_auditoria",5,"payload","jsonb","YES",NULL,"",NULL,NULL
"assembleia_auditoria",6,"criado_em","timestamp with time zone","YES","now()","",NULL,NULL
"assembleia_checkins",1,"id","uuid","NO","gen_random_uuid()","PK","assembleia_checkins","id"
"assembleia_checkins",2,"assembleia_quorum_id","uuid","NO",NULL,"FK","assembleia_quoruns","id"
"assembleia_checkins",2,"assembleia_quorum_id","uuid","NO",NULL,"",NULL,NULL
"assembleia_checkins",3,"user_id","uuid","NO",NULL,"",NULL,NULL
"assembleia_checkins",3,"user_id","uuid","NO",NULL,"FK","users","id"
"assembleia_checkins",4,"origem","character varying","YES",NULL,"",NULL,NULL
"assembleia_checkins",5,"registrado_em","timestamp with time zone","YES","now()","",NULL,NULL
"assembleia_mesa",1,"id","uuid","NO","gen_random_uuid()","PK","assembleia_mesa","id"
"assembleia_mesa",2,"assembleia_id","uuid","NO",NULL,"",NULL,NULL
"assembleia_mesa",2,"assembleia_id","uuid","NO",NULL,"FK","assembleias","id"
"assembleia_mesa",3,"presidente_user_id","uuid","YES",NULL,"FK","users","id"
"assembleia_mesa",4,"vice_presidente_user_id","uuid","YES",NULL,"FK","users","id"
"assembleia_mesa",5,"secretario_user_id","uuid","YES",NULL,"FK","users","id"
"assembleia_mesa",6,"secretario_2_user_id","uuid","YES",NULL,"FK","users","id"
"assembleia_mesa",7,"definida_por_user_id","uuid","YES",NULL,"FK","users","id"
"assembleia_mesa",8,"definida_em","timestamp with time zone","YES","now()","",NULL,NULL
"assembleia_mesa",9,"estabelecida_em","timestamp with time zone","YES",NULL,"",NULL,NULL
"assembleia_mesa_rejeicoes",1,"id","uuid","NO","gen_random_uuid()","PK","assembleia_mesa_rejeicoes","id"
"assembleia_mesa_rejeicoes",2,"assembleia_id","uuid","NO",NULL,"",NULL,NULL
"assembleia_mesa_rejeicoes",2,"assembleia_id","uuid","NO",NULL,"FK","assembleias","id"
"assembleia_mesa_rejeicoes",3,"user_id","uuid","NO",NULL,"",NULL,NULL
"assembleia_mesa_rejeicoes",3,"user_id","uuid","NO",NULL,"FK","users","id"
"assembleia_mesa_rejeicoes",4,"cargo","character varying","NO",NULL,"",NULL,NULL
"assembleia_mesa_rejeicoes",5,"criado_em","timestamp with time zone","YES","now()","",NULL,NULL
"assembleia_pedidos_palavra",1,"id","uuid","NO","gen_random_uuid()","PK","assembleia_pedidos_palavra","id"
"assembleia_pedidos_palavra",2,"assembleia_id","uuid","NO",NULL,"FK","assembleias","id"
"assembleia_pedidos_palavra",3,"user_id","uuid","NO",NULL,"FK","users","id"
"assembleia_pedidos_palavra",4,"status","character varying","YES","'PENDENTE'::character varying","",NULL,NULL
"assembleia_pedidos_palavra",5,"ordem","integer","YES",NULL,"",NULL,NULL
"assembleia_pedidos_palavra",6,"criado_em","timestamp with time zone","YES","now()","",NULL,NULL
"assembleia_propostas",1,"id","uuid","NO","gen_random_uuid()","PK","assembleia_propostas","id"
"assembleia_propostas",2,"assembleia_id","uuid","NO",NULL,"FK","assembleias","id"
"assembleia_propostas",3,"autor_id","uuid","NO",NULL,"FK","users","id"
"assembleia_propostas",4,"titulo","character varying","NO",NULL,"",NULL,NULL
"assembleia_propostas",5,"descricao","text","YES",NULL,"",NULL,NULL
"assembleia_propostas",6,"status","character varying","YES","'ATIVA'::character varying","",NULL,NULL
"assembleia_propostas",7,"motivo_retirada","text","YES",NULL,"",NULL,NULL
"assembleia_propostas",8,"retirada_em","timestamp with time zone","YES",NULL,"",NULL,NULL
"assembleia_propostas",9,"criado_em","timestamp with time zone","YES","now()","",NULL,NULL
"assembleia_quoruns",1,"id","uuid","NO","gen_random_uuid()","PK","assembleia_quoruns","id"
"assembleia_quoruns",2,"assembleia_id","uuid","NO",NULL,"FK","assembleias","id"
"assembleia_quoruns",3,"token","character","NO",NULL,"",NULL,NULL
"assembleia_quoruns",4,"gerado_por_user_id","uuid","YES",NULL,"FK","users","id"
"assembleia_quoruns",5,"tipo_chamada","character varying","NO",NULL,"",NULL,NULL
"assembleia_quoruns",6,"quorum_total_ativos","integer","YES","0","",NULL,NULL
"assembleia_quoruns",7,"quorum_necessario","integer","YES","0","",NULL,NULL
"assembleia_quoruns",8,"is_global","boolean","YES","false","",NULL,NULL
"assembleia_quoruns",9,"observacao","text","YES",NULL,"",NULL,NULL
"assembleia_quoruns",10,"valido_ate","timestamp with time zone","YES",NULL,"",NULL,NULL
"assembleia_quoruns",11,"encerrado_em","timestamp with time zone","YES",NULL,"",NULL,NULL
"assembleia_quoruns",12,"criado_em","timestamp with time zone","YES","now()","",NULL,NULL
"assembleia_votacoes",1,"id","uuid","NO","gen_random_uuid()","PK","assembleia_votacoes","id"
"assembleia_votacoes",2,"assembleia_id","uuid","NO",NULL,"FK","assembleias","id"
"assembleia_votacoes",3,"quorum_snapshot_id","uuid","YES",NULL,"FK","assembleia_quoruns","id"
"assembleia_votacoes",4,"titulo","character varying","NO",NULL,"",NULL,NULL
"assembleia_votacoes",5,"descricao","text","YES",NULL,"",NULL,NULL
"assembleia_votacoes",6,"status","character varying","YES","'ATIVA'::character varying","",NULL,NULL
"assembleia_votacoes",7,"duracao_segundos","integer","YES","60","",NULL,NULL
"assembleia_votacoes",8,"iniciada_por_user_id","uuid","YES",NULL,"FK","users","id"
"assembleia_votacoes",9,"aberta_em","timestamp with time zone","YES",NULL,"",NULL,NULL
"assembleia_votacoes",10,"finalizada_em","timestamp with time zone","YES",NULL,"",NULL,NULL
"assembleia_votacoes",11,"criado_em","timestamp with time zone","YES","now()","",NULL,NULL
"assembleia_votos",1,"id","uuid","NO","gen_random_uuid()","PK","assembleia_votos","id"
"assembleia_votos",2,"votacao_id","uuid","NO",NULL,"FK","assembleia_votacoes","id"
"assembleia_votos",2,"votacao_id","uuid","NO",NULL,"",NULL,NULL
"assembleia_votos",3,"user_id","uuid","NO",NULL,"FK","users","id"
"assembleia_votos",3,"user_id","uuid","NO",NULL,"",NULL,NULL
"assembleia_votos",4,"voto","character varying","NO",NULL,"",NULL,NULL
"assembleia_votos",5,"registrado_em","timestamp with time zone","YES","now()","",NULL,NULL
"assembleias",1,"id","uuid","NO","gen_random_uuid()","PK","assembleias","id"
"assembleias",2,"tipo","character varying","NO",NULL,"",NULL,NULL
"assembleias",3,"titulo","character varying","NO",NULL,"",NULL,NULL
"assembleias",4,"pauta","text","YES",NULL,"",NULL,NULL
"assembleias",5,"estado","character varying","YES","'CRIADO'::character varying","",NULL,NULL
"assembleias",6,"criado_por","uuid","YES",NULL,"FK","users","id"
"assembleias",7,"aberta_em","timestamp with time zone","YES",NULL,"",NULL,NULL
"assembleias",8,"encerrada_em","timestamp with time zone","YES",NULL,"",NULL,NULL
"assembleias",9,"criado_em","timestamp with time zone","YES","now()","",NULL,NULL
"assembleias",10,"data_hora_inicio","timestamp with time zone","YES",NULL,"",NULL,NULL
"assembleias",11,"data_evento","date","YES",NULL,"",NULL,NULL
"assembleias",12,"hora_primeira_chamada","time without time zone","YES",NULL,"",NULL,NULL
"assembleias",13,"hora_segunda_chamada","time without time zone","YES",NULL,"",NULL,NULL
"assembleias",14,"edital_url","text","YES",NULL,"",NULL,NULL
"assembleias",15,"edital_public_id","text","YES",NULL,"",NULL,NULL
"assembleias",16,"edital_resource_type","text","YES",NULL,"",NULL,NULL
"assembleias",17,"edital_type","text","YES",NULL,"",NULL,NULL
"assembleias",18,"edital_format","text","YES",NULL,"",NULL,NULL
"assembleias",19,"edital_drive_file_id","text","YES",NULL,"",NULL,NULL
"assembleias",20,"suspensao_motivo","text","YES",NULL,"",NULL,NULL
"assembleias",21,"data_hora_retorno","timestamp with time zone","YES",NULL,"",NULL,NULL
"auth_sessions",1,"id","uuid","NO","gen_random_uuid()","PK","auth_sessions","id"
"auth_sessions",2,"user_id","uuid","NO",NULL,"FK","users","id"
"auth_sessions",3,"token_hash","text","NO",NULL,"",NULL,NULL
"auth_sessions",4,"device_id","text","YES",NULL,"",NULL,NULL
"auth_sessions",5,"created_at","timestamp with time zone","YES","now()","",NULL,NULL
"auth_sessions",6,"expires_at","timestamp with time zone","NO",NULL,"",NULL,NULL
"auth_sessions",7,"revoked_at","timestamp with time zone","YES",NULL,"",NULL,NULL
"auth_sessions",8,"last_seen_at","timestamp with time zone","YES","now()","",NULL,NULL
"content_blocks",1,"id","uuid","NO","gen_random_uuid()","PK","content_blocks","id"
"content_blocks",2,"page","character varying","NO",NULL,"",NULL,NULL
"content_blocks",3,"slot","character varying","NO",NULL,"",NULL,NULL
"content_blocks",4,"title","character varying","YES",NULL,"",NULL,NULL
"content_blocks",5,"body","text","YES",NULL,"",NULL,NULL
"content_blocks",6,"media_type","character varying","YES","'image'::character varying","",NULL,NULL
"content_blocks",7,"media_url","text","YES",NULL,"",NULL,NULL
"content_blocks",8,"link_url","text","YES",NULL,"",NULL,NULL
"content_blocks",9,"link_text","character varying","YES",NULL,"",NULL,NULL
"content_blocks",10,"is_active","boolean","YES","true","",NULL,NULL
"content_blocks",11,"ordenacao","integer","YES","0","",NULL,NULL
"content_blocks",12,"created_at","timestamp with time zone","YES","CURRENT_TIMESTAMP","",NULL,NULL
"content_blocks",13,"updated_at","timestamp with time zone","YES","CURRENT_TIMESTAMP","",NULL,NULL
"content_blocks",14,"updated_by","uuid","YES",NULL,"FK","users","id"
"evento_presencas",1,"id","uuid","NO","gen_random_uuid()","PK","evento_presencas","id"
"evento_presencas",2,"evento_id","uuid","NO",NULL,"FK","eventos","id"
"evento_presencas",2,"evento_id","uuid","NO",NULL,"",NULL,NULL
"evento_presencas",3,"user_id","uuid","NO",NULL,"",NULL,NULL
"evento_presencas",3,"user_id","uuid","NO",NULL,"FK","users","id"
"evento_presencas",4,"entrou_em","timestamp with time zone","YES","now()","",NULL,NULL
"evento_presencas",5,"saiu_em","timestamp with time zone","YES",NULL,"",NULL,NULL
"evento_presencas",6,"ativa","boolean","YES","true","",NULL,NULL
"evento_presencas",7,"quorum_versao","integer","YES","1","",NULL,NULL
"evento_presencas",8,"quorum_epoch","uuid","YES",NULL,"",NULL,NULL
"evento_presencas",9,"device_id","text","YES",NULL,"",NULL,NULL
"evento_votacao_elegiveis",1,"votacao_id","uuid","NO",NULL,"PK","evento_votacao_elegiveis","votacao_id"
"evento_votacao_elegiveis",1,"votacao_id","uuid","NO",NULL,"PK","evento_votacao_elegiveis","user_id"
"evento_votacao_elegiveis",1,"votacao_id","uuid","NO",NULL,"FK","evento_votacoes","id"
"evento_votacao_elegiveis",2,"user_id","uuid","NO",NULL,"PK","evento_votacao_elegiveis","votacao_id"
"evento_votacao_elegiveis",2,"user_id","uuid","NO",NULL,"PK","evento_votacao_elegiveis","user_id"
"evento_votacao_elegiveis",2,"user_id","uuid","NO",NULL,"FK","users","id"
"evento_votacao_elegiveis",3,"entrou_em","timestamp with time zone","YES",NULL,"",NULL,NULL
"evento_votacao_opcoes",1,"id","uuid","NO","gen_random_uuid()","PK","evento_votacao_opcoes","id"
"evento_votacao_opcoes",2,"votacao_id","uuid","NO",NULL,"FK","evento_votacoes","id"
"evento_votacao_opcoes",3,"texto","text","NO",NULL,"",NULL,NULL
"evento_votacao_opcoes",4,"ordem","integer","YES","0","",NULL,NULL
"evento_votacao_votos",1,"id","uuid","NO","gen_random_uuid()","PK","evento_votacao_votos","id"
"evento_votacao_votos",2,"votacao_id","uuid","NO",NULL,"FK","evento_votacoes","id"
"evento_votacao_votos",2,"votacao_id","uuid","NO",NULL,"",NULL,NULL
"evento_votacao_votos",3,"user_id","uuid","NO",NULL,"",NULL,NULL
"evento_votacao_votos",3,"user_id","uuid","NO",NULL,"FK","users","id"
"evento_votacao_votos",4,"opcao_id","uuid","NO",NULL,"FK","evento_votacao_opcoes","id"
"evento_votacao_votos",5,"recibo","uuid","YES","gen_random_uuid()","",NULL,NULL
"evento_votacao_votos",6,"votou_em","timestamp with time zone","YES","now()","",NULL,NULL
"evento_votacoes",1,"id","uuid","NO","gen_random_uuid()","PK","evento_votacoes","id"
"evento_votacoes",2,"evento_id","uuid","NO",NULL,"FK","eventos","id"
"evento_votacoes",3,"titulo","character varying","NO",NULL,"",NULL,NULL
"evento_votacoes",4,"status","character varying","YES","'AGENDADA'::character varying","",NULL,NULL
"evento_votacoes",5,"abre_em","timestamp with time zone","YES",NULL,"",NULL,NULL
"evento_votacoes",6,"encerra_em","timestamp with time zone","YES",NULL,"",NULL,NULL
"evento_votacoes",7,"duracao_min","integer","YES","2","",NULL,NULL
"evento_votacoes",8,"criado_por","uuid","YES",NULL,"FK","users","id"
"evento_votacoes",9,"quorum_epoch_travado","uuid","YES",NULL,"",NULL,NULL
"evento_votacoes",10,"presenca_minima_em","timestamp with time zone","YES",NULL,"",NULL,NULL
"evento_votacoes",11,"criado_em","timestamp with time zone","YES","now()","",NULL,NULL
"eventos",1,"id","uuid","NO","gen_random_uuid()","PK","eventos","id"
"eventos",2,"tipo","character varying","NO",NULL,"",NULL,NULL
"eventos",3,"titulo","character varying","NO",NULL,"",NULL,NULL
"eventos",4,"pauta_resumida","text","YES",NULL,"",NULL,NULL
"eventos",5,"data_hora_inicio_prevista","timestamp with time zone","YES",NULL,"",NULL,NULL
"eventos",6,"duracao_prevista_min","integer","YES",NULL,"",NULL,NULL
"eventos",7,"edital_pdf_url","text","YES",NULL,"",NULL,NULL
"eventos",8,"status","character varying","YES","'RASCUNHO'::character varying","",NULL,NULL
"eventos",9,"quorum_versao_atual","integer","YES","1","",NULL,NULL
"eventos",10,"created_by","uuid","YES",NULL,"FK","users","id"
"eventos",11,"abre_em","timestamp with time zone","YES",NULL,"",NULL,NULL
"eventos",12,"encerra_em","timestamp with time zone","YES",NULL,"",NULL,NULL
"eventos",13,"quorum_epoch","uuid","YES","gen_random_uuid()","",NULL,NULL
"eventos",14,"created_at","timestamp with time zone","YES","now()","",NULL,NULL
"eventos",15,"updated_at","timestamp with time zone","YES","now()","",NULL,NULL
"job_runs",1,"job_name","character varying","NO",NULL,"PK","job_runs","job_name"
"job_runs",2,"last_run_date","character varying","YES",NULL,"",NULL,NULL
"job_runs",3,"updated_at","timestamp with time zone","YES","now()","",NULL,NULL
"logistica_auditoria",1,"id","uuid","NO","gen_random_uuid()","PK","logistica_auditoria","id"
"logistica_auditoria",2,"recurso_tipo","character varying","NO",NULL,"",NULL,NULL
"logistica_auditoria",3,"recurso_id","uuid","NO",NULL,"",NULL,NULL
"logistica_auditoria",4,"evento_id","uuid","YES",NULL,"FK","logistica_eventos","id"
"logistica_auditoria",5,"user_id","uuid","YES",NULL,"FK","users","id"
"logistica_auditoria",6,"gestor_id","uuid","NO",NULL,"FK","users","id"
"logistica_auditoria",7,"acao","character varying","NO",NULL,"",NULL,NULL
"logistica_auditoria",8,"justificativa","text","NO",NULL,"",NULL,NULL
"logistica_auditoria",9,"dados_anteriores","jsonb","YES",NULL,"",NULL,NULL
"logistica_auditoria",10,"dados_novos","jsonb","YES",NULL,"",NULL,NULL
"logistica_auditoria",11,"criado_em","timestamp with time zone","YES","now()","",NULL,NULL
"logistica_eventos",1,"id","uuid","NO","gen_random_uuid()","PK","logistica_eventos","id"
"logistica_eventos",2,"titulo","text","NO",NULL,"",NULL,NULL
"logistica_eventos",3,"descricao","text","YES",NULL,"",NULL,NULL
"logistica_eventos",4,"data_inicio","timestamp with time zone","NO",NULL,"",NULL,NULL
"logistica_eventos",5,"data_fim","timestamp with time zone","NO",NULL,"",NULL,NULL
"logistica_eventos",6,"status","character varying","YES","'ativo'::character varying","",NULL,NULL
"logistica_eventos",7,"documento_url","text","YES",NULL,"",NULL,NULL
"logistica_eventos",8,"documento_id","text","YES",NULL,"",NULL,NULL
"logistica_eventos",9,"assembleia_id","uuid","YES",NULL,"FK","assembleias","id"
"logistica_eventos",10,"cancelado_por","uuid","YES",NULL,"FK","users","id"
"logistica_eventos",11,"encerrado_por","uuid","YES",NULL,"FK","users","id"
"logistica_eventos",12,"criado_em","timestamp with time zone","YES","now()","",NULL,NULL
"logistica_eventos",13,"updated_at","timestamp with time zone","YES","now()","",NULL,NULL
"logistica_inscricoes",1,"id","uuid","NO","gen_random_uuid()","PK","logistica_inscricoes","id"
"logistica_inscricoes",2,"evento_id","uuid","NO",NULL,"FK","logistica_eventos","id"
"logistica_inscricoes",2,"evento_id","uuid","NO",NULL,"",NULL,NULL
"logistica_inscricoes",3,"user_id","uuid","NO",NULL,"FK","users","id"
"logistica_inscricoes",3,"user_id","uuid","NO",NULL,"",NULL,NULL
"logistica_inscricoes",4,"data_chegada","timestamp with time zone","NO",NULL,"",NULL,NULL
"logistica_inscricoes",5,"data_saida","timestamp with time zone","NO",NULL,"",NULL,NULL
"logistica_inscricoes",6,"observacoes","text","YES",NULL,"",NULL,NULL
"logistica_inscricoes",7,"criado_em","timestamp with time zone","YES","now()","",NULL,NULL
"logistica_inscricoes",8,"updated_at","timestamp with time zone","YES","now()","",NULL,NULL
"push_campaigns",1,"id","uuid","NO","gen_random_uuid()","PK","push_campaigns","id"
"push_campaigns",2,"title","text","YES",NULL,"",NULL,NULL
"push_campaigns",3,"body","text","NO",NULL,"",NULL,NULL
"push_campaigns",4,"target_type","character varying","NO",NULL,"",NULL,NULL
"push_campaigns",5,"target_value","jsonb","YES",NULL,"",NULL,NULL
"push_campaigns",6,"data","jsonb","YES",NULL,"",NULL,NULL
"push_campaigns",7,"created_by","uuid","YES",NULL,"FK","users","id"
"push_campaigns",8,"status","character varying","YES","'PENDING'::character varying","",NULL,NULL
"push_campaigns",9,"sent_at","timestamp with time zone","YES",NULL,"",NULL,NULL
"push_campaigns",10,"result","jsonb","YES",NULL,"",NULL,NULL
"push_campaigns",11,"created_at","timestamp with time zone","YES","now()","",NULL,NULL
"push_tickets",1,"id","uuid","NO","gen_random_uuid()","PK","push_tickets","id"
"push_tickets",2,"campaign_id","uuid","NO",NULL,"FK","push_campaigns","id"
"push_tickets",3,"ticket_id","text","NO",NULL,"",NULL,NULL
"push_tickets",4,"expo_push_token","text","NO",NULL,"",NULL,NULL
"push_tickets",5,"status","character varying","YES","'ok'::character varying","",NULL,NULL
"push_tickets",6,"processed","boolean","YES","false","",NULL,NULL
"push_tickets",7,"error_message","text","YES",NULL,"",NULL,NULL
"push_tickets",8,"error_code","text","YES",NULL,"",NULL,NULL
"push_tickets",9,"created_at","timestamp with time zone","YES","now()","",NULL,NULL
"push_tokens",1,"id","uuid","NO","gen_random_uuid()","PK","push_tokens","id"
"push_tokens",2,"user_id","uuid","NO",NULL,"FK","users","id"
"push_tokens",3,"expo_push_token","text","NO",NULL,"",NULL,NULL
"push_tokens",4,"device_id","text","YES",NULL,"",NULL,NULL
"push_tokens",5,"platform","character varying","YES",NULL,"",NULL,NULL
"push_tokens",6,"last_seen","timestamp with time zone","YES","now()","",NULL,NULL
"push_tokens",7,"revoked_at","timestamp with time zone","YES",NULL,"",NULL,NULL
"push_tokens",8,"permission_status","character varying","YES","'granted'::character varying","",NULL,NULL
"report_jobs",1,"id","uuid","NO","gen_random_uuid()","PK","report_jobs","id"
"report_jobs",2,"report_type","character varying","NO",NULL,"",NULL,NULL
"report_jobs",3,"params","jsonb","YES",NULL,"",NULL,NULL
"report_jobs",4,"requester_id","uuid","YES",NULL,"FK","users","id"
"report_jobs",5,"requester_name","character varying","YES",NULL,"",NULL,NULL
"report_jobs",6,"status","character varying","YES","'COMPLETED'::character varying","",NULL,NULL
"report_jobs",7,"created_at","timestamp with time zone","YES","now()","",NULL,NULL
"user_movimentacoes",1,"id","uuid","NO","gen_random_uuid()","PK","user_movimentacoes","id"
"user_movimentacoes",2,"user_id","uuid","NO",NULL,"FK","users","id"
"user_movimentacoes",3,"acao","character varying","NO",NULL,"",NULL,NULL
"user_movimentacoes",4,"por_id","uuid","YES",NULL,"FK","users","id"
"user_movimentacoes",5,"motivo","text","YES",NULL,"",NULL,NULL
"user_movimentacoes",6,"criado_em","timestamp with time zone","YES","now()","",NULL,NULL
"user_vinculos",1,"id","uuid","NO","gen_random_uuid()","PK","user_vinculos","id"
"user_vinculos",2,"user_id","uuid","NO",NULL,"FK","users","id"
"user_vinculos",3,"scope","character varying","NO",NULL,"",NULL,NULL
"user_vinculos",4,"uf","character varying","YES",NULL,"",NULL,NULL
"user_vinculos",5,"branch","character varying","YES",NULL,"",NULL,NULL
"user_vinculos",6,"role","character varying","NO",NULL,"",NULL,NULL
"user_vinculos",7,"mandato_inicio","date","YES",NULL,"",NULL,NULL
"user_vinculos",8,"mandato_fim","date","YES",NULL,"",NULL,NULL
"user_vinculos",9,"status","character varying","NO","'ATIVO'::character varying","",NULL,NULL
"user_vinculos",10,"is_substitute","boolean","NO","false","",NULL,NULL
"user_vinculos",11,"created_at","timestamp with time zone","YES","now()","",NULL,NULL
"user_vinculos",12,"updated_at","timestamp with time zone","YES","now()","",NULL,NULL
"users",1,"id","uuid","NO","gen_random_uuid()","PK","users","id"
"users",2,"cpf","character varying","NO",NULL,"",NULL,NULL
"users",3,"name","character varying","NO",NULL,"",NULL,NULL
"users",4,"email","character varying","YES",NULL,"",NULL,NULL
"users",5,"password_hash","character varying","YES",NULL,"",NULL,NULL
"users",6,"perfil_acesso","character varying","YES",NULL,"",NULL,NULL
"users",7,"situacao","character varying","YES","'ATIVO'::character varying","",NULL,NULL
"users",8,"bloqueado","boolean","YES","false","",NULL,NULL
"users",9,"telefone1","character varying","YES",NULL,"",NULL,NULL
"users",10,"telefone2","character varying","YES",NULL,"",NULL,NULL
"users",11,"cep","character varying","YES",NULL,"",NULL,NULL
"users",12,"logradouro","text","YES",NULL,"",NULL,NULL
"users",13,"numero","character varying","YES",NULL,"",NULL,NULL
"users",14,"complemento","text","YES",NULL,"",NULL,NULL
"users",15,"bairro","character varying","YES",NULL,"",NULL,NULL
"users",16,"cidade","character varying","YES",NULL,"",NULL,NULL
"users",17,"uf","character varying","YES",NULL,"",NULL,NULL
"users",18,"uf_endereco","character varying","YES",NULL,"",NULL,NULL
"users",19,"data_nascimento","date","YES",NULL,"",NULL,NULL
"users",20,"sexo","character","YES",NULL,"",NULL,NULL
"users",21,"cargo","character varying","YES",NULL,"",NULL,NULL
"users",22,"avatar_url","text","YES",NULL,"",NULL,NULL
"users",23,"avatar_public_id","text","YES",NULL,"",NULL,NULL
"users",24,"created_at","timestamp with time zone","YES","now()","",NULL,NULL
"users",25,"updated_at","timestamp with time zone","YES","now()","",NULL,NULL
"users",26,"ultimo_acesso","timestamp with time zone","YES",NULL,"",NULL,NULL
"users",27,"arquivado_em","timestamp with time zone","YES",NULL,"",NULL,NULL
"users",28,"arquivado_motivo","text","YES",NULL,"",NULL,NULL
"users",29,"arquivado_por","uuid","YES",NULL,"FK","users","id"
"users",30,"desarquivado_em","timestamp with time zone","YES",NULL,"",NULL,NULL
"users",31,"desarquivado_motivo","text","YES",NULL,"",NULL,NULL
"users",32,"desarquivado_por","uuid","YES",NULL,"FK","users","id"
"users",33,"perfil_acesso2","character varying","YES",NULL,"",NULL,NULL
"users",34,"cargo2","character varying","YES",NULL,"",NULL,NULL
"users",35,"uf2","character varying","YES",NULL,"",NULL,NULL
"users",36,"cargo_mandato_inicio","date","YES",NULL,"",NULL,NULL
"users",37,"cargo_mandato_fim","date","YES",NULL,"",NULL,NULL
"users",38,"token_acesso_temp","text","YES",NULL,"",NULL,NULL
"users",39,"token_expiracao","timestamp with time zone","YES",NULL,"",NULL,NULL
"votacao_opcoes",1,"id","uuid","NO","gen_random_uuid()","PK","votacao_opcoes","id"
"votacao_opcoes",2,"votacao_id","uuid","NO",NULL,"FK","votacoes","id"
"votacao_opcoes",3,"texto","text","NO",NULL,"",NULL,NULL
"votacao_opcoes",4,"ordem","integer","YES","0","",NULL,NULL
"votacao_votos",1,"id","uuid","NO","gen_random_uuid()","PK","votacao_votos","id"
"votacao_votos",2,"votacao_id","uuid","NO",NULL,"",NULL,NULL
"votacao_votos",2,"votacao_id","uuid","NO",NULL,"FK","votacoes","id"
"votacao_votos",3,"opcao_id","uuid","NO",NULL,"FK","votacao_opcoes","id"
"votacao_votos",4,"user_id","uuid","NO",NULL,"FK","users","id"
"votacao_votos",4,"user_id","uuid","NO",NULL,"",NULL,NULL
"votacao_votos",5,"recibo","uuid","YES","gen_random_uuid()","",NULL,NULL
"votacao_votos",6,"device_id","text","YES",NULL,"",NULL,NULL
"votacao_votos",7,"biometria_confirmada","boolean","YES","false","",NULL,NULL
"votacao_votos",8,"ip","text","YES",NULL,"",NULL,NULL
"votacao_votos",9,"user_agent","text","YES",NULL,"",NULL,NULL
"votacao_votos",10,"registrado_em","timestamp with time zone","YES","now()","",NULL,NULL
"votacoes",1,"id","uuid","NO","gen_random_uuid()","PK","votacoes","id"
"votacoes",2,"titulo","character varying","NO",NULL,"",NULL,NULL
"votacoes",3,"descricao","text","YES",NULL,"",NULL,NULL
"votacoes",4,"status","character varying","YES","'AGENDADA'::character varying","",NULL,NULL
"votacoes",5,"abre_em","timestamp with time zone","YES",NULL,"",NULL,NULL
"votacoes",6,"encerra_em","timestamp with time zone","YES",NULL,"",NULL,NULL
"votacoes",7,"criado_por","uuid","YES",NULL,"FK","users","id"
"votacoes",8,"criado_em","timestamp with time zone","YES","now()","",NULL,NULL
"votacoes",9,"updated_at","timestamp with time zone","YES","now()","",NULL,NULL
"assembleia_checkins_pendentes",1,"id","uuid","NO","gen_random_uuid()","PK","assembleia_checkins_pendentes","id"
"assembleia_checkins_pendentes",2,"assembleia_id","uuid","NO",NULL,"FK","assembleias","id"
"assembleia_checkins_pendentes",3,"quorum_id","uuid","NO",NULL,"FK","assembleia_quoruns","id"
"assembleia_checkins_pendentes",4,"user_id_superior","uuid","NO",NULL,"FK","users","id"
"assembleia_checkins_pendentes",5,"user_id_subordinado","uuid","NO",NULL,"FK","users","id"
"assembleia_checkins_pendentes",6,"branch","character varying","NO",NULL,"",NULL,NULL
"assembleia_checkins_pendentes",7,"criado_em","timestamp with time zone","YES","now()","",NULL,NULL
